id,user_name,text,write_date
1586852118539145216,Elon Musk,@Abdelhakdyne @jimmykimmel I‚Äôve now been through so many hero to villain cycles I‚Äôve lost count,2022.10.30
1586849702384762880,Elon Musk,@jimmykimmel üò¢,2022.10.30
1586849422104621056,Elon Musk,@fasc1nate What an incredible creature!,2022.10.30
1586848033550934016,Elon Musk,@johnkrausphotos @sriramk The whole verification process is being revamped right now,2022.10.30
1586831721386766337,Elon Musk,@ericuman This is false,2022.10.30
1586698051606880258,Elon Musk,@KingJames https://t.co/ZdI2nTqlqw,2022.10.30
1586690742151307264,Elon Musk,@Neuro_Skeptic https://t.co/gSjeJniK4u,2022.10.30
1586689827721736192,Elon Musk,"@itsALLrisky @spideycyp_155 @WholeMarsBlog Tweeps will be twits going forward, as the latter has vastly more gravitas",2022.10.30
1586688122628108288,Elon Musk,@TonyadeVitti @spideycyp_155 @WholeMarsBlog Pretty much,2022.10.30
1586686935518498816,Elon Musk,@spideycyp_155 @WholeMarsBlog There seem to be 10 people ‚Äúmanaging‚Äù for every one person coding,2022.10.30
1586686368033345539,Elon Musk,But Management 201 is such a tantalizing carrot ‚Ä¶,2022.10.30
1586685737591709696,Elon Musk,@WholeMarsBlog My title is Chief Twit right there in the bio. No idea who the CEO is.,2022.10.30
1586685433965989888,Elon Musk,@kerrikgray üíØ,2022.10.30
1586685077680889856,Elon Musk,So demanding to allow a mere 30 days to learn this priceless information!,2022.10.30
1586680643831836677,Elon Musk,"Just received this email from Twitter. This is an actual, real email that was autogenerated ü§£ü§£ https://t.co/7DQp4sNINX",2022.10.30
1586655439587942400,Elon Musk,@waitbutwhy ü§£üíØ,2022.10.30
1586571496020811778,Elon Musk,"@TomFitton @Twitter @JustTheNews I will look into this. Twitter should be even-handed, favoring neither side.",2022.10.30
1586563362544144384,Elon Musk,@danzwku @ID_AA_Carmack Absolutely,2022.10.30
1586562604524347392,Elon Musk,@ID_AA_Carmack d(he)ll,2022.10.30
1586532684620214274,Elon Musk,@WholeMarsBlog @karpathy Andrej will always be welcome at Tesla,2022.10.30
1586421295658385410,Elon Musk,@lexfridman ü§£,2022.10.29
1586411673056817152,Elon Musk,#SoBrave,2022.10.29
1586411481574166528,Elon Musk,"Finally, the truth that carbs are amazing can be said on this platform! #FreeSpeech",2022.10.29
1586410852646674432,Elon Musk,Fresh baked bread &amp; pastries are some of the great joys of life,2022.10.29
1586253675583852544,Elon Musk,"@amasad Good point. Being able to select which version of Twitter you want is probably better, much as it would be for a movie maturity rating. The rating of the tweet itself could be self-selected, then modified by user feedback.",2022.10.29
1586238966788857856,Elon Musk,@BillyM2k üéØ,2022.10.29
1586214927605256192,Elon Musk,@WholeMarsBlog One of the best trolls ever ü§£ü§£,2022.10.29
1586180999364284416,Elon Musk,@cosminDZS Something like this makes sense,2022.10.29
1586151281571246086,Elon Musk,@greg16676935420 Ace reporting by @cnbc ü§£ü§£,2022.10.29
1586149451348910081,Elon Musk,"To be super clear, we have not yet made any changes to Twitter‚Äôs content moderation policies",2022.10.29
1586148739059548160,Elon Musk,@BillyM2k ü§£üíØ,2022.10.29
1586134045313728512,Elon Musk,@Rainmaker1973 Sorry about that. Fixing as fast as possible!,2022.10.28
1586132338005577728,Elon Musk,@westcoastbill ü§£,2022.10.28
1586127974167769088,Elon Musk,@EvaFoxU ü§£ü§£,2022.10.28
1586108809772089345,Elon Musk,Ligma Johnson had it coming üçÜ üí¶ https://t.co/CgjrOV5eM2,2022.10.28
1586105918143406080,Elon Musk,@MikhailaFuller @jordanbpeterson Anyone suspended for minor &amp; dubious reasons will be freed from Twitter jail,2022.10.28
1586104694421659648,Elon Musk,Comedy is now legal on Twitter,2022.10.28
1586073042534297601,Elon Musk,@RpsAgainstTrump Ye‚Äôs account was restored by Twitter before the acquisition. They did not consult with or inform me.,2022.10.28
1586059953311137792,Elon Musk,Twitter will be forming a content moderation council with widely diverse viewpoints. No major content decisions or account reinstatements will happen before that council convenes.,2022.10.28
1586057952678465537,Elon Musk,@slashdot !,2022.10.28
1586057687782998017,Elon Musk,@skorusARK Cool!,2022.10.28
1585981766229143552,Elon Musk,@WeAreCanProud First I‚Äôve heard,2022.10.28
1585966869122457600,Elon Musk,üé∂ let the good times roll üé∂,2022.10.28
1585959864454459393,Elon Musk,@catturd2 I will be digging in more today,2022.10.28
1585841080431321088,Elon Musk,the bird is freed,2022.10.28
1585811291851018241,Elon Musk,Falcon rockets to orbit as seen from LA https://t.co/r8L2SbLC3p,2022.10.28
1585749627365515266,Elon Musk,@Gfilche @Twitter ü§£,2022.10.27
1585667048020901888,Elon Musk,@PeterSchiff ü§£ thanks,2022.10.27
1585622194696044544,Elon Musk,@ZubyMusic Absolutely,2022.10.27
1585619322239561728,Elon Musk,Dear Twitter Advertisers https://t.co/GMwHmInPAS,2022.10.27
1585459469781127168,Elon Musk,@BillyM2k üëª,2022.10.27
1585385664606269440,Elon Musk,Meeting a lot of cool people at Twitter today!,2022.10.26
1585341984679469056,Elon Musk,Entering Twitter HQ ‚Äì let that sink in! https://t.co/D68z4K2wq7,2022.10.26
1585319975761326081,Elon Musk,@dogeofficialceo @mtaibbi ü§£üí™,2022.10.26
1585318870528643072,Elon Musk,@mtaibbi ü§£,2022.10.26
1585316645194452997,Elon Musk,@ARodTV Definitely closer to citizen journalism ‚Äì local news orgs are under-appreciated &amp; should get way more prominence on Twitter,2022.10.26
1585295897528741890,Elon Musk,@sandyleevincent Nobody bats 1000 ü§∑‚Äç‚ôÇÔ∏è,2022.10.26
1585292083610279936,Elon Musk,A beautiful thing about Twitter is how it empowers citizen journalism ‚Äì people are able to disseminate news without an establishment bias,2022.10.26
1585290835456761856,Elon Musk,@teslaownersSV I‚Äôm a big fan of citizen journalism!,2022.10.26
1585282847547396096,Elon Musk,‚ÄúAccording to unnamed sources close to the matter who wish to remain anonymous‚Äù ü§£ü§£,2022.10.26
1585282193999265793,Elon Musk,"‚ÄúThe New York Times has emerged as a new, chaotic actor in global politics. The paper‚Äôs interventions in some of the world‚Äôs most combustible conflicts have sometimes been a boon, but their messaging has also caused problems.‚Äù",2022.10.26
1585280449802182656,Elon Musk,@dontreadonmeow @nytimes ü§£üî•,2022.10.26
1585171321960685573,Elon Musk,@PPathole @Twitter Yes!,2022.10.26
1585157522700525571,Elon Musk,@westcoastbill 30% is a lot,2022.10.26
1585156413365850113,Elon Musk,@eldsjal Concerning,2022.10.26
1585050236120027137,Elon Musk,Works on any moving land object,2022.10.25
1584906280082219009,Elon Musk,@chazman @lexfridman Fasting rocks,2022.10.25
1584898685736869888,Elon Musk,@VitalikButerin @balajis @zengjiajun_eth Had to do a double-take. This is the first non-fake Vitalik tweet I‚Äôve seen in a while.,2022.10.25
1584836233586348033,Elon Musk,@dogeofficialceo @DirtyTesLa @rocobasilisk @SwipeWright üíØ,2022.10.25
1584824812345888768,Elon Musk,@garyblack00 @SawyerMerritt One man‚Äôs hedge is another man‚Äôs shrub,2022.10.25
1584822061926866944,Elon Musk,@muskQu0tes Yup,2022.10.25
1584819851226669057,Elon Musk,@emollick True,2022.10.25
1584817409651007488,Elon Musk,@elon_wisdom Too much respect for authority inhibits innovation,2022.10.25
1584815858878017536,Elon Musk,@DirtyTesLa @rocobasilisk @SwipeWright üí™,2022.10.25
1584765530883633152,Elon Musk,@stevenmarkryan @EmmetPeppers @heydave7 @TwitterSpaces @YouTube üòâ,2022.10.25
1584764977457397760,Elon Musk,What lesson took you the longest to unlearn?,2022.10.25
1584717774261489665,Elon Musk,Œ¥ŒπŒ±ŒªŒµŒ∫œÑŒπŒ∫ŒÆ,2022.10.25
1584715136547573762,Elon Musk,"@SwipeWright Twitter should be as broadly inclusive as possible, serving as a fair forum for lively, even if occasionally rancorous, debate between widely divergent beliefs.",2022.10.25
1584677519965687810,Elon Musk,@MuskUniversity Absolutely necessary,2022.10.24
1584660916942954497,Elon Musk,@DavidSacks @MarcBodnick !,2022.10.24
1584660690970681344,Elon Musk,@realchrisrufo @MaxBoot ü§£ü§£,2022.10.24
1584648259217547265,Elon Musk,@MuskUniversity Important,2022.10.24
1584647527969980417,Elon Musk,@MuskUniversity Yup,2022.10.24
1584646223109423106,Elon Musk,@DavidSacks Exactly!,2022.10.24
1584645966292189184,Elon Musk,@SawyerMerritt ü§£,2022.10.24
1584616967788384256,Elon Musk,"@VinnyLingham Yeah, doesn‚Äôt make sense",2022.10.24
1584542487083122689,Elon Musk,@MuskUniversity Good thread,2022.10.24
1584540916421103616,Elon Musk,@RenataKonkoly @spideycyp_155 @SquawkCNBC @Kasparov63 I only play crazy 9‚Äôs,2022.10.24
1584540160959860738,Elon Musk,"@MarcusHouse @LordofEa @kerrikgray @chicago_glenn @Tesla @teslaownersSV @dvorahfr @TonyadeVitti @SpaceX @SirineAti That‚Äôs the plan, unless it is damaged in testing. What really matters is that ship &amp; booster production line is spooling up. Also, each new ship &amp; booster has incremental design improvements.",2022.10.24
1584539176997122048,Elon Musk,"@ChananBos @SquawkCNBC @Kasparov63 Yeah, I‚Äôm back to spare bedroom /couch surfing at friend‚Äôs houses in Silicon Valley, which I did for about a decade.Frankly, I like it this way, as I get to see my friends, who I love, more often.",2022.10.24
1584537377837490177,Elon Musk,"@spideycyp_155 @SquawkCNBC @Kasparov63 I did as a child, but found it to be too simple to be useful in real life: a mere 8 by 8 grid, no fog of war, no technology tree, no random map or spawn position, only 2 players, both sides exact same pieces, etc.Polytopia addresses these limitations.",2022.10.24
1584535161521463296,Elon Musk,"@SquawkCNBC @Kasparov63 And I don‚Äôt even own a house, let alone a ‚Äúmansion‚Äù, you douche",2022.10.24
1584533444444332033,Elon Musk,"@SquawkCNBC @Kasparov63 While it‚Äôs true that Kasparov is almost as good at playing chess as my iPhone, he is otherwise an idiot",2022.10.24
1584529700558290944,Elon Musk,@spideycyp_155 @Teslarati @Writer_01001101 @FedorovMykhailo Yes,2022.10.24
1584528026943250432,Elon Musk,@dogeofficialceo @gunsnrosesgirl3 @DolphinDroneDom ü§£,2022.10.24
1584527241400442886,Elon Musk,@gunsnrosesgirl3 @DolphinDroneDom How exciting to be alive at the same time as the largest animal ever! Wild that Blue whales are bigger than the biggest dinosaur.,2022.10.24
1584419363297595392,Elon Musk,@FedorovMykhailo @Teslarati @Writer_01001101 You‚Äôre most welcome,2022.10.24
1584373364327866369,Elon Musk,"@Teslarati @Writer_01001101 Before DoD even came back with an answer, I told @FedorovMykhailo that SpaceX would not turn off Starlink even if DoD refused to provide funding",2022.10.24
1584312886066749441,Elon Musk,@LordofEa @kerrikgray @chicago_glenn @Tesla @teslaownersSV @dvorahfr @TonyadeVitti @SpaceX @SirineAti Absolutely!,2022.10.23
1584227656538939392,Elon Musk,@SKMorefield Interesting,2022.10.23
1584175648146620421,Elon Musk,@pcgamer Great game,2022.10.23
1584175255425540096,Elon Musk,"Maybe it was a social media algorithm, not even people",2022.10.23
1584174386998697985,Elon Musk,Think about who might have decided ‚ÄúThe Current Thing‚Äù before accepting it,2022.10.23
1584173256415723521,Elon Musk,Who decides ‚ÄúThe Current Thing?‚ÄùReal question. I don‚Äôt know.,2022.10.23
1584170458815303680,Elon Musk,@andst7 Exactly. WaPo are such hypocrites.,2022.10.23
1584157532209090560,Elon Musk,Neuralink show &amp; tell now on Nov 30,2022.10.23
1584155478229102593,Elon Musk,@muskQu0tes @SpaceX Had to be done,2022.10.23
1583996892530511872,Elon Musk,@Gfilche @MartinViecha We‚Äôve come a long way,2022.10.23
1583978878305173505,Elon Musk,i know|nothing|is forever,2022.10.23
1583932665371062272,Elon Musk,@BillyM2k @sakitechonline @DavidSacks ü§£üí™,2022.10.22
1583917276142923776,Elon Musk,@michaelmalice @washingtonpost Good point ü§î,2022.10.22
1583909603250622464,Elon Musk,@MuskUniversity This needs to change. Manufacturing is awesome!,2022.10.22
1583871819240525824,Elon Musk,@muskQu0tes It will happen,2022.10.22
1583850705088978944,Elon Musk,@DavidSacks @TheAtlantic @davidfrum @EliotACohen Hear! Hear!,2022.10.22
1583837212197601280,Elon Musk,@ruthbenghiat Why are you perpetuating propaganda concocted by the oil &amp; gas industry to distract you from the 6 trillion dollars per *year* of subsidies those companies receive?https://t.co/XZxDJAPE9a,2022.10.22
1583715179086647296,Elon Musk,@xuanyiman @stillgray @DavidSacks üòã,2022.10.22
1583714907807449089,Elon Musk,"@stillgray @DavidSacks Switzerland &amp; Belgium have great chocolate, but I do also love eccentric British &amp; Irish artisanal sweet shops",2022.10.22
1583710517839138817,Elon Musk,@PhreshNic @MedvedevRussiaE @trussliz ü§£,2022.10.22
1583619042883297280,Elon Musk,@DavidSacks Good thread,2022.10.22
1583589856915034113,Elon Musk,"@teslaownersSV Next week. It‚Äôs actually a major release, so a lot more internal testing is needed before going to public beta.",2022.10.21
1583588379312422912,Elon Musk,@BillyM2k @DavidSacks ü§£üíØ,2022.10.21
1583587377510903809,Elon Musk,@ksadjadpour Cool,2022.10.21
1583584153928314880,Elon Musk,@DavidSacks ü§£ü§£ Although there could be more R&amp;D in candy tbh. Feels like there hasn‚Äôt been much improvement in decades.,2022.10.21
1583528286667538432,Elon Musk,@justindross ü§£,2022.10.21
1583524820792188929,Elon Musk,"@WholeMarsBlog Headline is misleading. Starlink can obviously offer far more robust positioning than GPS, as it will have ~1000X more satellites over time. Not all will have line of sight to users, but still &gt;10X GPS &amp; far stronger signal.Just not today‚Äôs problem.",2022.10.21
1583503854322130945,Elon Musk,@eigenrobot One of my favorite conspiracy theories is that the world is actually 80% men,2022.10.21
1583448658150064128,Elon Musk,@ChessProblem un ass ailable logic!,2022.10.21
1583358774449823744,Elon Musk,@teslaownersSV Yes,2022.10.21
1583347924683018241,Elon Musk,@LifeboatHQ https://t.co/j4ZHlazoPa,2022.10.21
1583347299182202880,Elon Musk,"@LifeboatHQ You‚Äôre right. Eventually, we all run out of time. https://t.co/GyXk9uZLIW",2022.10.21
1583345981906571264,Elon Musk,"Only Giga Berlin can make these colors, as paint shop was specially built to apply many fine layers of paint, giving it complexity not otherwise possible",2022.10.21
1583340073319530497,Elon Musk,"@teslaownersSV @BillyM2k Varies a lot. Tesla &amp; SpaceX are in good positions, but many other companies are not. Recessions do have a silver lining in that companies that shouldn‚Äôt exist stop existing.",2022.10.21
1583335870274605056,Elon Musk,"@RenataKonkoly @ThorstenBasch @spideycyp_155 @BillyM2k Those who want Putin removed are laboring under the misapprehension that whoever replaces him will be more amenable to peace or western philosophy, but I think this is unlikely ‚Äì the Kremlin is not the Nice Guy Olympics",2022.10.21
1583333560702111745,Elon Musk,"@ThorstenBasch @spideycyp_155 @BillyM2k Russia overrunning Ukraine would destabilize the entire region, perhaps the world",2022.10.21
1583325359805562881,Elon Musk,"@spideycyp_155 @BillyM2k If Russia faced calamitous defeat in conventional warfare for something as strategically critical as Crimea, the probability of using nuclear weapons is high",2022.10.21
1583324670132375553,Elon Musk,@jamesplloyd @SpaceX I do. Yes.,2022.10.21
1583323816696037376,Elon Musk,"@spideycyp_155 @BillyM2k Still very unlikely, but this is the closest we‚Äôve been since Cuba in ‚Äò62",2022.10.21
1583320632174837760,Elon Musk,"@teslaownersSV @BillyM2k Just guessing, but probably until spring of ‚Äò24",2022.10.21
1583320075591110657,Elon Musk,@BillyM2k It sure would be nice to have one year without a horrible global event,2022.10.21
1583317665854083072,Elon Musk,@AndrewPerpetua ‚ÄúBrutal for both sides‚Äù will be a common phrase in the months to come,2022.10.21
1583299870370467840,Elon Musk,https://t.co/WqGm6InNTp,2022.10.21
1583291332998574080,Elon Musk,@bgarlinghouse No way,2022.10.21
1583276919910375425,Elon Musk,@SamitoFPS Maybe,2022.10.21
1583274597981761536,Elon Musk,@NewsfromScience Certainly warrants closer scrutiny,2022.10.21
1583264626053042176,Elon Musk,@NikLentz @JenniferJJacobs @SalehaMohsin @BloombergTV üíØü§£,2022.10.21
1583206592488448000,Elon Musk,"@MedvedevRussiaE @trussliz Btw, how‚Äôs it going in Bakhmut?",2022.10.20
1583204482082492416,Elon Musk,@MedvedevRussiaE @trussliz Pretty good troll tbh,2022.10.20
1583203279559069698,Elon Musk,@Alan_McGuinness *humour,2022.10.20
1583195741001957376,Elon Musk,@ilyasut I couldn‚Äôt agree more üòú,2022.10.20
1583195563482222592,Elon Musk,@Alan_McGuinness British humor is the best,2022.10.20
1583151586486124546,Elon Musk,@PPathole @EvaFoxU @DavidSacks Compromise is overwhelmingly the most likely outcome ‚Äì just a question of how much death &amp; destruction happens before then,2022.10.20
1583150868794253312,Elon Musk,@gaborgurbacs @EvaFoxU @DavidSacks That should be the nature of the debate,2022.10.20
1583149077792858112,Elon Musk,"@EvaFoxU @DavidSacks Most probable outcome by far is a horrible war of attrition that destroys Ukraine &amp; severely damages Russia, with massive body count on both sides.And, in the end, the same outcome. So why?",2022.10.20
1583136883147538434,Elon Musk,@DavidSacks Exactly,2022.10.20
1583133885696987136,Elon Musk,Congrats to @SpaceX team on 48th launch this year! Falcon 9 now holds record for most launches of a single vehicle type in a year.,2022.10.20
1583127037321314305,Elon Musk,@SpaceX üéØ,2022.10.20
1583056078195261442,Elon Musk,@romanhelmetguy üí™,2022.10.20
1583026862816890882,Elon Musk,@Neuro_Skeptic Same,2022.10.20
1583004448267255808,Elon Musk,@marenkahnert @jasondebolt Exactly,2022.10.20
1582997766741327873,Elon Musk,"@Teslarati @13ericralph31 SpaceX has more active satellites in orbit than rest of Earth combined, tracking to double rest of Earth soon",2022.10.20
1582987988233256961,Elon Musk,"@jasondebolt The media reports with great fanfare my predictions that are late, but rarely those that come early",2022.10.20
1582984673235697664,Elon Musk,@jakebrowatzke @andyjayhawk ü§£,2022.10.20
1582886876922249216,Elon Musk,@Teslarati @JohnnaCrider1 Accelerating sustainable energy is our primary mission,2022.10.20
1582862492111233024,Elon Musk,"@westcoastbill Will require truly exceptional execution, but it is possible",2022.10.19
1582805523484680192,Elon Musk,"I will not let you down, no matter what it takes",2022.10.19
1582797136839970817,Elon Musk,@DirtyTesLa Awesome,2022.10.19
1582779309391228931,Elon Musk,"We even did a Starlink video call on one airplane aloft to Starlink on another, far away, airplane aloft and it worked perfectly with no lag!",2022.10.19
1582778449583693836,Elon Musk,Vox Populi Vox Dei,2022.10.19
1582729657350180865,Elon Musk,"@chazman @aelluswamy Several major architectural upgrades in 10.69.3, so it‚Äôs much more than a point release, but we‚Äôre sticking with 10.69 just cause haha",2022.10.19
1582592031712432128,Elon Musk,@BillyM2k @atrupar Sounds fair,2022.10.19
1582582264185049088,Elon Musk,@BillyM2k Definitely giving me kid naming ideas ü§£,2022.10.19
1582582042063093760,Elon Musk,And ‚Ä¶ sold out!,2022.10.19
1582576552797081607,Elon Musk,Internet in airplanes will feel same as if you were accessing Internet at home!,2022.10.19
1582547658039623680,Elon Musk,"28,700 bottles of exquisite Burnt Hair perfume already sold! Only 1,300 left of this unique, limited edition, collector‚Äôs item.",2022.10.19
1582523854181670912,Elon Musk,@cb_doge @alex_avoigt We‚Äôre working on it. Hope to release something next week.,2022.10.19
1582523481345835008,Elon Musk,"@alex_avoigt No money from DoD, but several other countries, orgs &amp; individuals are paying for ~11k/25k terminals (thanks!).SpaceX is losing ~$20M/month due to unpaid service &amp; costs related to enhanced security measures for cyberwar defense, but we‚Äôll keep doing it (sigh).",2022.10.19
1582468440664641536,Elon Musk,@atrupar Smart? Maybe. Does dumb stuff? Definitely!,2022.10.18
1582449194014343168,Elon Musk,@balajis True,2022.10.18
1582398374787321859,Elon Musk,@HassanNatha https://t.co/jxA4stwf1d,2022.10.18
1582397390715518977,Elon Musk,@TonyadeVitti ü§£,2022.10.18
1582389037356023808,Elon Musk,@520AlRihla Exactly,2022.10.18
1582387937660264448,Elon Musk,@tesla4k ü§£,2022.10.18
1582387823516487680,Elon Musk,"@larryronaldpar1 Should I make weapons? Ideally, not.",2022.10.18
1582386890006593536,Elon Musk,@TeslaHype An easy prediction,2022.10.18
1582379931983499264,Elon Musk,Drone War Ihttps://t.co/erVME0CbbN,2022.10.18
1582359018164850691,Elon Musk,@FLVoiceNews https://t.co/CCaYpontFG,2022.10.18
1582252941050023937,Elon Musk,@teslaownersSV (Actually) Smart Summon is almost done,2022.10.18
1582194537069694978,Elon Musk,@Teslaconomics Yes,2022.10.18
1582187855723761664,Elon Musk,@stoolpresidente I have a plan,2022.10.18
1582166395345068034,Elon Musk,@TeslaAIBot @SpaceX @Tesla Thanks Optimus :),2022.10.18
1582098412501364736,Elon Musk,"@SawyerMerritt @SpaceX To be precise, 25,300 terminals were sent to Ukraine, but, at present, only 10,630 are paying for service",2022.10.17
1582097354576265217,Elon Musk,@SawyerMerritt @SpaceX SpaceX has already withdrawn its request for funding,2022.10.17
1582009338675154944,Elon Musk,"@starrski71 @RenataKonkoly @EvaFoxU @kadubai11 @spideycyp_155 Wrong analogy. America also had a humiliating withdrawal from Afghanistan. No one in America sees that country as part of America.Crimea *is* seen as a crucial part of Russia by Russia, much as Hawaii is seen as a crucial part of America.",2022.10.17
1582006549567807488,Elon Musk,@EnjoyerFive üéØü§£,2022.10.17
1582005725684899840,Elon Musk,@PPathole @spideycyp_155 Probably not,2022.10.17
1582005487775539200,Elon Musk,@zerohedge Practice makes perfect ‚Ä¶,2022.10.17
1582005061583978496,Elon Musk,"@RenataKonkoly @EvaFoxU @kadubai11 @spideycyp_155 Russia has been punched in the nose and forced to retreat many times by Ukraine. But what you don‚Äôt want to do is give Russia a choice of total, humiliating defeat or nukes ‚Äì then the probability of them using nukes is high.",2022.10.17
1582003887485382656,Elon Musk,"@kadubai11 @spideycyp_155 Obviously many disagree with this logic, but what do they think is their probability of being wrong about WW3. If they say 0%, they are utterly dangerous fools.",2022.10.17
1582000986432106499,Elon Musk,"@kadubai11 @spideycyp_155 But, hey, look on the bright side! At least Russia doesn‚Äôt get Crimea in that scenario, so you can be comforted by that thought, while watching the mushroom clouds rise.",2022.10.17
1581999825339699201,Elon Musk,"@kadubai11 @spideycyp_155 If Russia faces destruction of their army and utter defeat by NATO, they will use nukes, then NATO will respond with nukes and civilization is over",2022.10.17
1581997742821298176,Elon Musk,"@spideycyp_155 Whether one likes it or not, Crimea is absolutely seen as a core part of Russia by Russia. Crimea is also of critical national security importance to Russia, as it is their southern navy base.From their standpoint losing Crimea is like USA losing Hawaii &amp; Pearl Harbor.",2022.10.17
1581991797038817280,Elon Musk,@hyiki22 @spideycyp_155 Exactly,2022.10.17
1581989915491172353,Elon Musk,"@spideycyp_155 If Russia is faced with the choice of losing Crimea or using battlefield nukes, they will choose the latter.We‚Äôve already sanctioned/cutoff Russia in every possible way, so what more do they have left to lose? If we nuke Russia back, they will nuke us and then we have WW3.",2022.10.17
1581986552246603776,Elon Musk,Exceptionally well-said,2022.10.17
1581982054711193601,Elon Musk,"@rhensing @keith_dorschner @teslaownersSV Standard (non-performance) 3 &amp; Y suspension in production now has improved comfort, without affecting handling",2022.10.17
1581976351073968128,Elon Musk,"@DrKnowItAll16 @pirate3Guy @HSerunjogi Yeah, RV version is lower priority than standard version. You should still see high speeds during off hours. Is that happening?As we add more satellites &amp; upgrade satellite technology, speeds in high user density locations should see significant increases.",2022.10.17
1581903277347999744,Elon Musk,"Ok, we will add a donate option to Starlink",2022.10.17
1581903026348261377,Elon Musk,"@pirate3Guy @HSerunjogi That‚Äôs oddly low. Normally, much higher.",2022.10.17
1581901615552155648,Elon Musk,Are there others that want to donate Starlinks to places in need?,2022.10.17
1581886234896797696,Elon Musk,@HSerunjogi Ok,2022.10.17
1581885835926196224,Elon Musk,@DogecoinNorway @moxie @ID_AA_Carmack ü§£ that‚Äôs happened to me many times,2022.10.17
1581884630063796224,Elon Musk,@moxie @ID_AA_Carmack A much quieter leaf blower is possible,2022.10.17
1581765733582716930,Elon Musk,"@teslaownersSV This is harder than it sounds, but ok",2022.10.16
1581764872702132224,Elon Musk,Deus X Machina,2022.10.16
1581743346153771008,Elon Musk,"@ChrisG_NSF We are proceeding very carefully. If there is a RUD on the pad, Starship progress will be set back by ~6 months.",2022.10.16
1581671300984365056,Elon Musk,@Rainmaker1973 Game over when (not if) Earth gets hit by an object of that size,2022.10.16
1581661713362919424,Elon Musk,@N_Schmid Ramen &gt;&gt; Lambos,2022.10.16
1581661032405118978,Elon Musk,@Rainmaker1973 Used a lot in rocketry,2022.10.16
1581652738768654338,Elon Musk,So true https://t.co/PwmxUVU2Fc,2022.10.16
1581650420631367681,Elon Musk,@Rainmaker1973 Every millipede has its millennia,2022.10.16
1581649798209290242,Elon Musk,@HardcoreHistory We should bring back their outfits,2022.10.16
1581648878201208833,Elon Musk,@karpathy Good thread,2022.10.16
1581514716890865664,Elon Musk,Fancy a game of meme tennis? https://t.co/d9tqIlg7nB,2022.10.16
1581513703400570880,Elon Musk,Buy Burnt Hair from a company that digs holes!,2022.10.16
1581510840536399872,Elon Musk,@chicago_glenn I read this as goth clowns lonely,2022.10.16
1581508126595244032,Elon Musk,Did you hear about the dyslexic KBG agent ‚Äì it‚Äôs pot secret!,2022.10.16
1581507258235904000,Elon Musk,@utamadush ü§£,2022.10.16
1581506733117431812,Elon Musk,"Venn diagram intersection of those two audiences is pretty small, I guess",2022.10.16
1581506444310249475,Elon Musk,Not as popular as I‚Äôd hoped (sigh),2022.10.16
1581490395149926404,Elon Musk,Pitching my idea once again for a crossover of Das Boot &amp; Boss Baby.‚ÄúDas Baby‚Äù ‚Äì Hijinks on the high seas! https://t.co/FieRmSthp2,2022.10.16
1581488923209273344,Elon Musk,"@teslaownersSV @oldmordim Just a scratch, we can buff it out",2022.10.16
1581488036499496960,Elon Musk,@oldmordim Mostly accurate,2022.10.16
1581486187310899201,Elon Musk,The comments in this thread are a conspiracy theorist‚Äôs wet dream,2022.10.16
1581441473882443776,Elon Musk,@EvaFoxU Yup,2022.10.16
1581430699986296832,Elon Musk,@EvaFoxU 7 years ago,2022.10.15
1581379103902470144,Elon Musk,@FutureJurvetson @SpaceX Definitely one of the strangest meetings I‚Äôve ever experienced. @adeoressi was there too.,2022.10.15
1581378204841172992,Elon Musk,@KimDotcom @Twitter I‚Äôm trying my hardest to de-escalate this situation and obviously failing,2022.10.15
1581372484762226690,Elon Musk,"@KimDotcom @Twitter Damned if you do, damned if you don‚Äôt, so ‚Ä¶ guess I‚Äôm just damned",2022.10.15
1581371571230285825,Elon Musk,"@SawyerMerritt Starship &amp; next-gen Starlink satellites are key, but much risk lies ahead before those are working at scale",2022.10.15
1581368246019584001,Elon Musk,@RaheemKassam The hilarious thing is you‚Äôre not wrong ü§£,2022.10.15
1581367292075470848,Elon Musk,@EvaFoxU So it goes ‚Ä¶,2022.10.15
1581348928934785026,Elon Musk,@gainzy222 Fate loves irony,2022.10.15
1581347686992998403,Elon Musk,"@DavidSacks Even so, we should still do good deeds",2022.10.15
1581345747777179651,Elon Musk,"The hell with it ‚Ä¶ even though Starlink is still losing money &amp; other companies are getting billions of taxpayer $, we‚Äôll just keep funding Ukraine govt for free",2022.10.15
1581340120774426625,Elon Musk,"@Brian_J_Berger That dude is not just a ‚Äúcondition of anonymity‚Äù spineless coward, he‚Äôs also an ignorant fool. Starlink was directly requested by the Ukraine government, as it was the only thing that worked.",2022.10.15
1581333422575714304,Elon Musk,"@spideycyp_155 @PPathole @ashleevance It has required a lot of our resources. Going into super lockdown mode slows down new development progress, as we have to resist attacks from a sophisticated adversary actively at war.",2022.10.15
1581331242389499906,Elon Musk,"@ashleevance DoD provided about 3% of the Falcon 1 development cost. Appreciated, certainly, but should be seen in context.",2022.10.15
1581328221466787841,Elon Musk,@PPathole @ashleevance Of course. And their signal jamming systems are also getting better.,2022.10.15
1581323301304954881,Elon Musk,"@ashleevance The amount SpaceX is requesting for a major battlefield advantage is less than the cost of one new GPS satellite. Ironically, GPS doesn‚Äôt work on battlefields, as the signal is easy to jam, but Starlink does.",2022.10.15
1581322383452880896,Elon Musk,"@ajtourville Would be great if someday humanity stopped pointing nukes at itself that would destroy almost all life on Earth.In any given year, there is a chance above zero that they will be launched. We are now at the highest risk in 60 years.https://t.co/hSqNeYHNX1",2022.10.15
1581172066832699392,Elon Musk,"@WholeMarsBlog Curses, foiled again!",2022.10.15
1581148611265449984,Elon Musk,@rich_teer @ajtourville üòâ,2022.10.15
1581147578917261313,Elon Musk,@mtaibbi Accurate,2022.10.15
1581095945131167744,Elon Musk,"@ajtourville Russia has the ability to destroy USA &amp; Europe utterly with nuclear missiles in less than 30 minutes &amp; vice versa.A surprising number of people don‚Äôt know this.Of course, it would be MAD to use them, but it is also MAD to be in this situation at all.",2022.10.15
1581092738669285376,Elon Musk,@nichegamer This has potential,2022.10.15
1581092314176331776,Elon Musk,"@rschmied @spideycyp_155 @SawyerMerritt @SpaceX Internet fiber, phone lines, cell towers &amp; other space-based comms in war areas have been destroyed. Starlink is all that‚Äôs left. For now.https://t.co/CdjbOWgziz",2022.10.15
1581085593500405760,Elon Musk,@FedorovMykhailo Thank you for clarifying this üíôüá∫üá¶üíõ,2022.10.15
1581084888995725313,Elon Musk,"@StonksReddit @rschmied @spideycyp_155 @SawyerMerritt @SpaceX Starlink is the primary communications system of the Ukrainian army on the war front. If anyone else wants this job, please be my guest ‚Ä¶",2022.10.15
1581075601049669634,Elon Musk,"@rschmied @spideycyp_155 @SawyerMerritt @SpaceX Big difference between peace comms vs warfront comms. Starlink is only comms system still working at warfront ‚Äì others all dead. Russia is actively trying to kill Starlink. To safeguard, SpaceX has diverted massive resources towards defense.Even so, Starlink may still die.",2022.10.15
1581060777574039558,Elon Musk,@EvaFoxU @Nobody_Really7 @EvaKBartlett Concerning,2022.10.14
1581060292955734016,Elon Musk,@EvaFoxU @Nobody_Really7 @EvaKBartlett https://t.co/XTWjF4lv9o,2022.10.14
1581039776651542528,Elon Musk,@stillgray Are there citizens of nations who are helping Ukraine on this list?,2022.10.14
1581036916597657601,Elon Musk,"@ajtourville But surely no reasonable person would launch nuclear war?The problem with that logic is if we were dealing with reasonable people, we wouldn‚Äôt have war in the first place.",2022.10.14
1581027630819979264,Elon Musk,@EvaKBartlett Is this list real? What‚Äôs the URL?,2022.10.14
1581026283303362560,Elon Musk,Yay!!,2022.10.14
1580957341200941064,Elon Musk,@Rainmaker1973 People should never fear turbulence. Commercial airliner wings can handle insane amounts of bending.,2022.10.14
1580932431661608966,Elon Musk,@mtaibbi The right question to ask,2022.10.14
1580819437824839681,Elon Musk,@officejjsmart @MelnykAndrij We‚Äôre just following his recommendation ü§∑‚Äç‚ôÇÔ∏è,2022.10.14
1580812701869101057,Elon Musk,"@narutium @SawyerMerritt Falcon can probably get Starlink past breakeven, but Starship is needed to fund Mars",2022.10.14
1580812045796093952,Elon Musk,@TeslaOwnersEBay @SawyerMerritt @SpaceX Yes,2022.10.14
1580811694225653760,Elon Musk,"@spideycyp_155 @SawyerMerritt @SpaceX In addition to terminals, we have to create, launch, maintain &amp; replenish satellites &amp; ground stations &amp; pay telcos for access to Internet via gateways. We‚Äôve also had to defend against cyberattacks &amp; jamming, which are getting harder.Burn is approaching ~$20M/month.",2022.10.14
1580809382958227458,Elon Musk,"@SawyerMerritt Also, Starlink is still losing money! It is insanely difficult for a LEO communications constellation to avoid bankruptcy ‚Äì that was the fate of every company that tried this before.When asked what the goal of Starlink was at a space conference, I said ‚Äúnot go bankrupt‚Äù.",2022.10.14
1580807902570246145,Elon Musk,@BogusThought @SawyerMerritt @rfdctr Maybe the üêà got their üëÖ,2022.10.14
1580807628350836738,Elon Musk,@spideycyp_155 @SawyerMerritt @rfdctr @SpaceX Very few in Iran so far,2022.10.14
1580806048050343936,Elon Musk,"@SawyerMerritt Strange that nothing was leaked about our competitors in space launch &amp; communications, Lockheed &amp; Boeing, who get over $60B ‚Ä¶Wouldn‚Äôt be surprised to find this particular individual working there when he retires from DoD. Corruption at its finest.",2022.10.14
1580802376973230080,Elon Musk,"@SawyerMerritt @rfdctr SpaceX is not asking to recoup past expenses, but also cannot fund the existing system indefinitely *and* send several thousand more terminals that have data usage up to 100X greater than typical households. This is unreasonable.",2022.10.14
1580641303721037824,Elon Musk,@MuskUniversity Vital to the future of consciousness,2022.10.13
1580630560765943808,Elon Musk,@andst7 ü§£,2022.10.13
1580612226129760257,Elon Musk,@BogusThought srsly,2022.10.13
1580602654966788096,Elon Musk,@teslaownersSV @JohnnaCrider1 Next week,2022.10.13
1580601578310230016,Elon Musk,@JohnnaCrider1 Envy has driven him to madness,2022.10.13
1580600379074523136,Elon Musk,"@leehumerian Starlink requires nothing except ~50 Watt power source. With a small solar system plus battery or a generator, you will have connectivity anywhere.",2022.10.13
1580597894205145106,Elon Musk,@OwenSparks_ @spideycyp_155 @FedorovMykhailo @SpaceX True,2022.10.13
1580597356184993801,Elon Musk,@spideycyp_155 @FedorovMykhailo @SpaceX There are some active terminals,2022.10.13
1580596920103206915,Elon Musk,"@spideycyp_155 @FedorovMykhailo @SpaceX Of course, this happens almost every day. They successfully destroyed Viasat in Ukraine several months ago. https://t.co/xrrAMqfsZY",2022.10.13
1580594379751686149,Elon Musk,"@spideycyp_155 @FedorovMykhailo @SpaceX Starlink has faced relentless jamming attacks &amp; SpaceX relentless cyberwar. So far, their success has been limited.",2022.10.13
1580573359603322881,Elon Musk,@KoguanLeo Noted,2022.10.13
1580572380535001088,Elon Musk,@FedorovMykhailo Starlink data usage growth in Ukraine https://t.co/c4IWNwKwLR,2022.10.13
1580557095232950273,Elon Musk,@RobLockwood @JeffBezos https://t.co/1EwWyqvwkr,2022.10.13
1580390454130266112,Elon Musk,"20,000!!",2022.10.13
1580362294734639104,Elon Musk,@RGVaerialphotos Cool,2022.10.13
1580361856442830848,Elon Musk,@ByeonChansoo @garyblack00 Maybe with .3,2022.10.13
1580350253454487552,Elon Musk,This is real,2022.10.13
1580350143445942272,Elon Musk,https://t.co/WLVh5zBiO5,2022.10.13
1580331940800258048,Elon Musk,"@Teslarati @JohnnaCrider1 üéØ ‚ÄúMy opinion is Burnt Hair is just Elon saying, chill out, have a laugh, and share a laugh.‚Äù",2022.10.12
1580329800161714177,Elon Musk,@WholeMarsBlog Oh the irony ü§£ü§£,2022.10.12
1580312743563104256,Elon Musk,"We might need a different name, as this is basically just Starlink with roaming capability, so you can take your terminal anywhere.",2022.10.12
1580307136952692737,Elon Musk,@teslaownersSV The counter-intuitive thing is that it‚Äôs actually gonna be a sick product!,2022.10.12
1580304724082843648,Elon Musk,"Please buy my perfume, so I can buy Twitter",2022.10.12
1580293787292954624,Elon Musk,And right on cue ü§£ü§£ ‚Ä¶ https://t.co/RysKrHeJfi,2022.10.12
1580275534696951809,Elon Musk,@FedorovMykhailo You‚Äôre most welcome. Glad to support Ukraine.,2022.10.12
1580060154720321536,Elon Musk,Doesn‚Äôt get more lit than this!,2022.10.12
1580058973461680128,Elon Musk,BE the change you want in the world!,2022.10.12
1580057266795212801,Elon Musk,Can‚Äôt wait for media stories tomorrow about $1M of Burnt Hair sold ü§£,2022.10.12
1580056291082280960,Elon Musk,"10,000 bottles of Burnt Hair sold!",2022.10.12
1580009548852899840,Elon Musk,@Kristennetten üíØüéØ,2022.10.12
1579994860802932736,Elon Musk,Over 5000 bottles of Burnt Hair sold!,2022.10.12
1579975550919413761,Elon Musk,An omnigender product,2022.10.11
1579974961267060738,Elon Musk,https://t.co/WDtHXqgUPx,2022.10.11
1579974298156306432,Elon Musk,"With a name like mine, getting into the fragrance business was inevitable ‚Äì why did I even fight it for so long!?",2022.10.11
1579972303647301632,Elon Musk,And you can pay with Doge!,2022.10.11
1579971705447256064,Elon Musk,The finest fragrance on Earth!https://t.co/ohjWxNX5ZC https://t.co/0J1lmREOBS,2022.10.11
1579946607151546368,Elon Musk,@ianbremmer Nobody should trust Bremmer,2022.10.11
1579938196095655936,Elon Musk,Maybe one day we can finally achieve https://t.co/jKBu2wJIDA,2022.10.11
1579935931850973184,Elon Musk,The next question one is typically asked is ‚ÄúHave you tried ayahuasca?‚Äùhttps://t.co/zo3Lw6nlxw,2022.10.11
1579934616429158400,Elon Musk,https://t.co/Q31B9x4RCH,2022.10.11
1579895855871823877,Elon Musk,@JoshuaPGallaway @Susiecmd @CYBERTRCK @LindseyGrahamSC Not subtle,2022.10.11
1579890075475005440,Elon Musk,"@SamHarrisOrg @tegmark Sam, there is a such a thing as meditating too much",2022.10.11
1579887332647665664,Elon Musk,"@teslaownersSV @PPathole @NorthmanTrader Yes, back to regularly scheduled programming",2022.10.11
1579886978484822016,Elon Musk,"@PPathole @NorthmanTrader Pointless, as there is currently no overlap between Russian and Ukrainian demands ‚Äì it‚Äôs not even close",2022.10.11
1579879154463690752,Elon Musk,"@NorthmanTrader No, it is not. I have spoken to Putin only once and that was about 18 months ago. The subject matter was space.",2022.10.11
1579627776231247874,Elon Musk,"@kanyewest Talked to ye today &amp; expressed my concerns about his recent tweet, which I think he took to heart",2022.10.11
1579600228826591233,Elon Musk,@Teslarati @JohnnaCrider1 It was built &amp; paid for at my request. Hunter &amp; team did great work.,2022.10.10
1579299680491823104,Elon Musk,@CathieDWood üíØ,2022.10.10
1579263949945835521,Elon Musk,@WholeMarsBlog It will,2022.10.10
1579262341904203777,Elon Musk,@chicago_glenn @neiltyson Strange @Twitter,2022.10.10
1579258883977416705,Elon Musk,"@WholeMarsBlog I have no desire to become involved in wars, but it is safe to say that all bets are off if the nukes start flying",2022.10.09
1579235577492574209,Elon Musk,@Teslarati Strong candidate to win most counter-intuitive product of the year!,2022.10.09
1579234398871769088,Elon Musk,@MuskUniversity Important to bear in mind when reading anything,2022.10.09
1579233321631985664,Elon Musk,"@neiltyson Indeed, that kinetic energy scales with the square of velocity is not well-appreciated!A sealed escape pod with a heat shield would probably work.",2022.10.09
1579231853789450240,Elon Musk,@lexfridman So many blind spots,2022.10.09
1579117097011281922,Elon Musk,@EPavlic @boringcompany üéØ,2022.10.09
1579116633947525122,Elon Musk,"@spideycyp_155 @EvaFoxU There are ~25k terminals in Ukraine, but each terminal can be used to provide an Internet uplink to a cell phone tower, so potentially several thousand people can be served by a single terminal",2022.10.09
1579114131155623936,Elon Musk,Coming soon from The @BoringCompany https://t.co/cNIbFRRXyt,2022.10.09
1579109369190682624,Elon Musk,"@Scobleizer Yup, it will float",2022.10.09
1579107405161705473,Elon Musk,@spideycyp_155 @MirrorinSpace @NASAEarthMars Too busy trying to survive at the time,2022.10.09
1579106891422400512,Elon Musk,@MirrorinSpace @NASAEarthMars They were invited to further their career elsewhere,2022.10.09
1579106049247674368,Elon Musk,@ace_constantine @NASAEarthMars There is a giant 30ft (literal) fork in the road outside the Autopilot office in Palo Alto,2022.10.09
1579105206004252677,Elon Musk,@SirineAti @NASAEarthMars Mine,2022.10.09
1579103991161843712,Elon Musk,@ace_constantine @NASAEarthMars I love the inverse poetry of making metaphors literal,2022.10.09
1579101966453858305,Elon Musk,"@NASAEarthMars That is quite an interesting story. We sent what appeared to be identical emails to all, but each was actually coded with either one or two spaces between sentences, forming a binary signature that identified the leaker.",2022.10.09
1579100345472782337,Elon Musk,Because it runs recursively,2022.10.09
1579099787864903680,Elon Musk,@tegmark Nuclear war probability is rising rapidly,2022.10.09
1579099265401778176,Elon Musk,An eye for an eye leaves everyone blind https://t.co/pQztPvR4uI,2022.10.09
1579098607516798977,Elon Musk,@EvaFoxU Perhaps we can talk again today?,2022.10.09
1579096952981327875,Elon Musk,"@spideycyp_155 @EvaFoxU True, Starlink provided a decisive battlefield advantage",2022.10.09
1579094238998171648,Elon Musk,@EvaFoxU I‚Äôve been up all night trying to think of any possible way to de-escalate this war,2022.10.09
1579092771356516355,Elon Musk,@EvaFoxU Feels so long ago. A pleasant memory :),2022.10.09
1579067179659845633,Elon Musk,https://t.co/VvGa39qAyE,2022.10.09
1578896527229321216,Elon Musk,@NASASpaceflight Double-header,2022.10.08
1578815879445217280,Elon Musk,@davidmarcus @PayPal Agreed,2022.10.08
1578815793776979968,Elon Musk,@Rainmaker1973 Beautiful,2022.10.08
1578803070963658753,Elon Musk,@andst7 üíØ,2022.10.08
1578769394536452097,Elon Musk,"@kanyewest Welcome back to Twitter, my friend!",2022.10.08
1578604673178947585,Elon Musk,@muskQu0tes üíØ,2022.10.08
1578564011859533824,Elon Musk,"@wintonARK Dojo uses bf16, so actual performance difference vs 64 bit is much less than it would seem, since you truncate so many useless zeroes &amp; round from there",2022.10.08
1578562473984393217,Elon Musk,@sashayanshin ü§£,2022.10.08
1578561669466398720,Elon Musk,@SirineAti @SpaceX Two Dragons on @Space_Station,2022.10.08
1578503339968696320,Elon Musk,@Teslarati @ajtourville @JohnnaCrider1 Can‚Äôt wait to see this beast in action!,2022.10.07
1578478096314880000,Elon Musk,@WholeMarsBlog Even better build coming next week,2022.10.07
1578440049594880002,Elon Musk,"@dogeofficialceo @spideycyp_155 @SawyerMerritt @ChristopherJM @FT @MehulAtLarge @felschwartz Quite a few. Trying to do the right thing, which is not always clear.",2022.10.07
1578438980743200768,Elon Musk,@spideycyp_155 @SawyerMerritt @ChristopherJM @FT @MehulAtLarge @felschwartz I am in regular contact with Fedorov,2022.10.07
1578433482757271552,Elon Musk,"@ChristopherJM @FT @MehulAtLarge @felschwartz Bad reporting by FT. This article falsely claims that Starlink terminals &amp; service were paid for, when only a small percentage have been. This operation has cost SpaceX $80M &amp; will exceed $100M by end of year.As for what‚Äôs happening on the battlefield, that‚Äôs classified.",2022.10.07
1578409767793561601,Elon Musk,@skorusARK Starlink will provide the vast majority of bandwidth from space,2022.10.07
1578407554136276992,Elon Musk,@RGVaerialphotos You‚Äôd need an electric propeller mounted on the tow hitch to go faster than a few knots. There might a creative wheel hub design that can generate meaningful thrust.,2022.10.07
1578392575257546752,Elon Musk,@EvaFoxU Norway rocks! ‚ô•Ô∏è‚ô•Ô∏è üá≥üá¥ üá≥üá¥,2022.10.07
1578387441332928513,Elon Musk,In case you missed Tesla AI Day 2022https://t.co/Sbu0peXpY1,2022.10.07
1578377847588143106,Elon Musk,@skorusARK Satellite constellation capability comes down to tonnage to orbit per year times capability per ton,2022.10.07
1578277238465712128,Elon Musk,SpaceX Dragon docking with @Space_Station (extended video) https://t.co/AFBDKHddgI,2022.10.07
1578254096858943489,Elon Musk,@Teslaconomics Very intense 7 days indeed,2022.10.07
1578237770069200896,Elon Musk,@alifarhat79 @NotParagAgrawal ü§£,2022.10.07
1578236843409162243,Elon Musk,@BillyM2k ü§£üíØ,2022.10.07
1578189382812508160,Elon Musk,"@stevenmarkryan @nichegamer @Twitter Personally, I like the latter, but to each their own",2022.10.07
1578188951588073472,Elon Musk,@stevenmarkryan @nichegamer @Twitter I think being able to dial the content you see from ‚Äúwarm &amp; fuzzy‚Äù all the way to ‚Äúbring it on mf!‚Äù is the way to go,2022.10.07
1578184037776216064,Elon Musk,"@nichegamer @Twitter Software engineering, server operations &amp; design will rule the roost",2022.10.07
1578183522518413313,Elon Musk,@nichegamer @Twitter There will be very rapid product evolution,2022.10.07
1578171356482371585,Elon Musk,500 mile range &amp; super fun to drive,2022.10.06
1578170980283076608,Elon Musk,Excited to announce start of production of Tesla Semi Truck with deliveries to @Pepsi on Dec 1st! https://t.co/gq0l73iGRW,2022.10.06
1578167067492388864,Elon Musk,"@NASASpaceflight Tiny helium leak (just barely triggered abort), but we take no risks with customer satellites. Standing down to investigate.",2022.10.06
1578155166032805888,Elon Musk,@KyivIndependent ü§î,2022.10.06
1578154139472707584,Elon Musk,@BillyM2k Agreed,2022.10.06
1578153917955051520,Elon Musk,@POTUS üëç,2022.10.06
1578152308411547648,Elon Musk,@Teslarati @JohnnaCrider1 Plot twist!,2022.10.06
1578145198580068353,Elon Musk,@cb_doge Elon liking his own tweets liking his own tweets ‚Ä¶,2022.10.06
1578130215884259328,Elon Musk,@SpaceX Dragon is now docked to @Space_Station,2022.10.06
1578111446696828928,Elon Musk,Video https://t.co/9gUJv2V143,2022.10.06
1578055594573004800,Elon Musk,Starlink view of 2nd stage deorbit burn https://t.co/kbLv95bAK7,2022.10.06
1578050963889393664,Elon Musk,@realAdrianDa32 @HuXijin_GT üëçü§£,2022.10.06
1578049022102851584,Elon Musk,@HuXijin_GT ÊâãÊï¥‰ΩìÊèíÂú®Âè£Ë¢ãÈáåÁöÑ‰∫∫ËøáÂàÜËá™‰ø°,2022.10.06
1578046964087898113,Elon Musk,@Xu0P5C4rMmMKUdu @stillgray @atrupar @LindseyGrahamSC I will try my best,2022.10.06
1578041621093949440,Elon Musk,"@KyivPost I‚Äôm a big fan of Ukraine, but not of WW3",2022.10.06
1578025984003305475,Elon Musk,@spideycyp_155 @garyblack00 ü§£,2022.10.06
1578021743532208129,Elon Musk,@garyblack00 https://t.co/FxgYMhTax6,2022.10.06
1578020826674184193,Elon Musk,@Rainmaker1973 Cute. You can get surprisingly close to a wild baby rhino &amp; Mom if you stay downwind.,2022.10.06
1578002979927515137,Elon Musk,@stillgray @atrupar @LindseyGrahamSC There are no angels in war.,2022.10.06
1577894684109717510,Elon Musk,@EliClifton @DavidSacks Accurate assessment,2022.10.06
1577890096090578944,Elon Musk,@garyblack00 Correct,2022.10.06
1577882249604857857,Elon Musk,"@stevenmarkryan So they‚Äôre saying that not buying Twitter is bad, but also buying Twitter is bad!?",2022.10.06
1577881849426333697,Elon Musk,@LucidTrading_ @DavidSacks We talked via videoconference last year,2022.10.06
1577881057483018240,Elon Musk,@DavidSacks ü§£,2022.10.06
1577880686282919937,Elon Musk,War is the ultimate Supreme Court,2022.10.06
1577853138157158402,Elon Musk,@bdquinn @LindseyGrahamSC Kherson and Zaporizhzhia almost certainly do not want to join Russia ‚Äì annexation of those regions was done to ensure a land bridge and water supply to Crimea,2022.10.06
1577842427897020417,Elon Musk,"@LindseyGrahamSC Obviously, not everyone who voted for the pro-Russia party wanted to join Russia, but it would also be inaccurate to say that none did.",2022.10.06
1577839258714476544,Elon Musk,@LindseyGrahamSC Below is the electoral map of 2012. Blue is the pro-Russia party. https://t.co/YkZ9hipyAV,2022.10.06
1577837817455149059,Elon Musk,"@LindseyGrahamSC Assuming you believe that the will of the people matters, we should, in any given conflict region, support the will of those who live there. Most of Ukraine unequivocally wants to be part of Ukraine, but some eastern portions have Russian majorities and prefer Russia.",2022.10.06
1577832990490693632,Elon Musk,"@LindseyGrahamSC First of all, Tesla hasn‚Äôt had that consumer tax credit for years &amp; we didn‚Äôt ask for this one ‚Äì GM &amp; Ford did",2022.10.06
1577831732732215301,Elon Musk,@LangmanVince @LindseyGrahamSC ü§£,2022.10.06
1577831304711774210,Elon Musk,"Another batch of Starlinks in orbit, 7 hours after the astronaut launch",2022.10.06
1577747565533069312,Elon Musk,@ashleevance That wouldn‚Äôt be hard to do,2022.10.05
1577738200075964418,Elon Musk,@BillyM2k ü§£,2022.10.05
1577737664689848326,Elon Musk,@TEDchris Twitter is an accelerant to fulfilling the original https://t.co/bOUOek5Cvy vision,2022.10.05
1577732106784051214,Elon Musk,"@KonstantinKisin I do not think it is simple at all, but I have yet to hear any realistic path to peace.Ukraine has achieved many brilliant tactical victories, but should be wary of overconfidence leading to strategic defeat.When Russia fully mobilizes, millions on both sides will die.",2022.10.05
1577716440299442187,Elon Musk,@WholeMarsBlog 10.69.3 will actually be a major upgrade. We‚Äôre keeping .69 just because haha.,2022.10.05
1577428673971777536,Elon Musk,"@LarckeningXuruo Twitter probably accelerates X by 3 to 5 years, but I could be wrong",2022.10.04
1577428272056389633,Elon Musk,"Buying Twitter is an accelerant to creating X, the everything app",2022.10.04
1577410658978525184,Elon Musk,@BillyM2k @unusual_whales ü§£,2022.10.04
1577339522383241216,Elon Musk,"@SawyerMerritt Should be noted that Starlink is still far from cash flow positive. All LEO communications constellations to date have gone bankrupt, so any support is super helpful.",2022.10.04
1577083578202361856,Elon Musk,"@FrenchyRagin @Kasparov63 A small number of terminals were paid for by the govt, vast majority were not. This is just another bs WaPo hit piece.",2022.10.03
1577083012914651142,Elon Musk,"@ZelenskyyUa I still very much support Ukraine, but am convinced that massive escalation of the war will cause great harm to Ukraine and possibly the world.",2022.10.03
1577081450263769089,Elon Musk,"@Kasparov63 We gave Starlinks to Ukraine &amp; lost $80M+ in doing so, while putting SpaceX &amp; myself at serious risk of Russian cyberattack.What have you done besides tweet?",2022.10.03
1577077410863775744,Elon Musk,"@DavidSacks SpaceX‚Äôs out of pocket cost to enable &amp; support Starlink in Ukraine is ~$80M so far. Our support for Russia is $0. Obviously, we are pro Ukraine.Trying to retake Crimea will cause massive death, probably fail &amp; risk nuclear war. This would be terrible for Ukraine &amp; Earth.",2022.10.03
1577027639096664065,Elon Musk,"@slashdot In other news, remote controlled anal beads sold out everywhere",2022.10.03
1577018840290328576,Elon Musk,@micsolana ü§£,2022.10.03
1577015863785361408,Elon Musk,"@spideycyp_155 @StonksReddit @Podolyak_M That referendum was questionable, which is why I suggested repeating it under UN (or other trusted entity) supervision",2022.10.03
1577013999782498305,Elon Musk,"@StonksReddit @Podolyak_M Great, offer a UN supervised vote and if Russia refuses, then war it is",2022.10.03
1577012986115342336,Elon Musk,@Podolyak_M Maybe a similar approach to Kosovo https://t.co/cGPpaXAaA3,2022.10.03
1577012343497584641,Elon Musk,"@Podolyak_M No, I‚Äôm suggesting voting under UN (or pick your most trusted entity or country) supervision",2022.10.03
1576998577758666752,Elon Musk,"@RenataKonkoly Russia is doing partial mobilization. They go to full war mobilization if Crimea is at risk. Death on both sides will be devastating.Russia has &gt;3 times population of Ukraine, so victory for Ukraine is unlikely in total war. If you care about the people of Ukraine, seek peace.",2022.10.03
1576995429094285313,Elon Musk,@RenataKonkoly You are assuming that I wish to be popular. I don‚Äôt care.I do care that millions of people may die needlessly for an essentially identical outcome.,2022.10.03
1576994262226702336,Elon Musk,Let‚Äôs try this then: the will of the people who live in the Donbas &amp; Crimea should decide whether they‚Äôre part of Russia or Ukraine,2022.10.03
1576990025215983616,Elon Musk,@PopMech Cheese is amazing,2022.10.03
1576979962938081295,Elon Musk,@Nemli_mot Indeed. Biggest bot attack I‚Äôve ever seen.,2022.10.03
1576976391597617153,Elon Musk,@raulsanchezuk The bot attack on this poll is strong!,2022.10.03
1576975654779617289,Elon Musk,"@AkiKivirinta The will of the people should decide whether they are part of Russia or Ukraine, but Russia invaded areas that would unequivocally choose to be part of Ukraine",2022.10.03
1576973049277992974,Elon Musk,"Also worth noting that a possible, albeit unlikely, outcome from this conflict is nuclear war",2022.10.03
1576970924968247297,Elon Musk,This is highly likely to be the outcome in the end ‚Äì just a question of how many die before then,2022.10.03
1576969255031296000,Elon Musk,"Ukraine-Russia Peace:- Redo elections of annexed regions under UN supervision. Russia leaves if that is will of the people.- Crimea formally part of Russia, as it has been since 1783 (until Khrushchev‚Äôs mistake).- Water supply to Crimea assured.- Ukraine remains neutral.",2022.10.03
1576850487814471681,Elon Musk,@jasondebolt Yes,2022.10.03
1576850241948897280,Elon Musk,@jasondebolt That is my assessment too,2022.10.03
1576848946848464896,Elon Musk,"@tim_zaman Well-said! Also, we try to operate the team as non-hierarchically as possible &amp; allow movement between project areas, so you don‚Äôt get pigeon-holed.",2022.10.03
1576846397793787904,Elon Musk,@PPathole @Tesla @SpaceX @neuralink @boringcompany I‚Äôm trying my hardest! Perhaps more people might consider loving humanity. Our collective light of consciousness is a tiny candle in a vast darkness. Please do not let it go out.,2022.10.03
1576844919846883328,Elon Musk,@cb_doge @Tesla Optimus will be sickkk,2022.10.03
1576844786668929024,Elon Musk,@cb_doge @Tesla üëÄ,2022.10.03
1576844052250603520,Elon Musk,"@WholeMarsBlog Would be cool to make a game using Tesla Sim that‚Äôs literally your city &amp; neighborhood, down to skid marks on road &amp; then inject fantasy/sci-fi elements",2022.10.03
1576843126420840448,Elon Musk,@cb_doge @WholeMarsBlog Occasionally,2022.10.03
1576842909999321088,Elon Musk,@WholeMarsBlog And people wonder why I sometimes think we‚Äôre in a simulation ‚Ä¶,2022.10.03
1576840676284960769,Elon Musk,https://t.co/cGHSTdb9gv,2022.10.03
1576835680793432065,Elon Musk,@WholeMarsBlog 144 trillion operations per second,2022.10.03
1576720466584092673,Elon Musk,@DaltBrewer The embarrassing hose down photos were highly motivating tbh,2022.10.02
1576715982172667904,Elon Musk,https://t.co/inO8f1q38o,2022.10.02
1576715522590527488,Elon Musk,@WholeMarsBlog Tunneled under the road from one property to another. This is to test the new machine.,2022.10.02
1576715247863242753,Elon Musk,"@PPathole Unfortunately, snail is still faster, but TBC might beat snail by end of 2024",2022.10.02
1576709529219260419,Elon Musk,Prufrock II emerging from the ground https://t.co/csamCrmAZa,2022.10.02
1576695744840740865,Elon Musk,"@OwenSparks_ @GerberKawasaki But between now and then, we do actually need to work hard",2022.10.02
1576695288454352896,Elon Musk,"@GerberKawasaki I don‚Äôt care about boosting the stock, but the economic implications are obvious",2022.10.02
1576645588833415168,Elon Musk,Do not let ancient grudge break to new mutiny,2022.10.02
1576641260617895936,Elon Musk,@chicago_glenn @Pontifex So many talented Russians in America,2022.10.02
1576638864068063232,Elon Musk,@WholeMarsBlog Customer experience suffers when there is an end of quarter rush. Steady as she goes is the right move.,2022.10.02
1576638490330116101,Elon Musk,@Pontifex War always gives ample reason for vengeance for all sides. Only by overcoming this instinct can there be peace.,2022.10.02
1576637452726702081,Elon Musk,@WholeMarsBlog Smoothing out crazy end of quarter delivery wave to reduce expedite costs &amp; relieve stress on Tesla team. Aiming for steadier deliveries intra-quarter.,2022.10.02
1576634558505963521,Elon Musk,"@WholeMarsBlog It‚Äôs funny reading simultaneous criticism that it‚Äôs already been done, but also it‚Äôs impossible ü§£",2022.10.02
1576633339405946880,Elon Musk,@streetpeopleLA @KitsonLA ??,2022.10.02
1576614572639023105,Elon Musk,@DoctorJack16 Master Plan (m√©¬∑nage √†) Trois is all about tonnage,2022.10.02
1576589037829509121,Elon Musk,"@OriolVinyalsML @Tesla @karpathy Thanks, we have a great team",2022.10.02
1576588662762246146,Elon Musk,@Rainmaker1973 Beautiful,2022.10.02
1576537774332596224,Elon Musk,@wintonARK Exactly,2022.10.02
1576531246980956161,Elon Musk,https://t.co/HdUl0etoao,2022.10.02
1576383741479768066,Elon Musk,Recording of Tesla AI Day 2022 https://t.co/7LR51x7pXa,2022.10.02
1576382868062081024,Elon Musk,Join https://t.co/FgKC8Zt4k9,2022.10.02
1576368498775068673,Elon Musk,@chicago_glenn @EvasTeslaSPlaid A little,2022.10.02
1576368269560516608,Elon Musk,@WholeMarsBlog That and giving it a brain,2022.10.02
1576367983051489281,Elon Musk,@EvasTeslaSPlaid And Wegovy,2022.10.02
1576363003603472384,Elon Musk,@ICannot_Enough Yes,2022.10.02
1576198504913199104,Elon Musk,@EvasTeslaSPlaid Fasting,2022.10.01
1576198060484415488,Elon Musk,"@Don_lyall @Neuro_Skeptic Uh oh, mine must be tiny!",2022.10.01
1576080952345837568,Elon Musk,@karpathy ü§£,2022.10.01
1576079918806376449,Elon Musk,ü§ñ üñ§ https://t.co/eNhVVztXHM,2022.10.01
1576048595010080768,Elon Musk,https://t.co/NluTMRAQfa,2022.10.01
1576047170293145602,Elon Musk,@AstroJordy üî•üî•,2022.10.01
1576046787739103235,Elon Musk,@NASASpaceflight üíØ,2022.10.01
1576046445764825088,Elon Musk,https://t.co/PHa7kKhFoT,2022.10.01
1576045629821702144,Elon Musk,"Naturally, there will be a catgirl version of our Optimus robot",2022.10.01
1576038326364053504,Elon Musk,"The point of AI Day is to show the immense depth &amp; breadth of Tesla in AI, compute hardware &amp; robotics",2022.10.01
1576034738820636673,Elon Musk,@cb_doge @Tesla ü§£,2022.10.01
1576032150914154497,Elon Musk,@teslaownersSV Yup,2022.10.01
1576010373848649729,Elon Musk,"@RyanAFournier Should be according to greatest need, not race or anything else",2022.10.01
